"Word","Length","SUBTLWF","POS"
"abandon","7","8.10","VB|NN"
"abandoned","9","13.29","VB|JJ"
"abilities","9","6.12","NN"
"ability","7","19.22","NN"
"aboard","6","26.63","minor|RB"
"abortion","8","7.24","NN"
"Abraham","7","5.18","NN"
"absence","7","6.31","NN"
"absolute","8","11.31","JJ|NN"
"absolutely","10","113.12","RB"
"absurd","6","9.71","JJ|NN"
"academy","7","12.41","NN"
"accept","6","52.78","VB"
"acceptable","10","5.27","JJ"
"accepted","8","15.71","VB|JJ"
"access","6","31.67","NN|VB"
"accident","8","81.29","NN"
"accidents","9","6.67","NN"
"accomplish","10","5.84","VB"
"according","9","41.86","VB|NN"
"account","7","44.71","NN|VB"
"accountant","10","6.18","NN"
"accounts","8","10.47","NN|VB"
"achieve","7","7.33","VB"
"accurate","8","7.84","JJ"
"accuse","6","5.69","VB"
"accused","7","13.06","VB|NN|JJ"
"across","6","94.14","minor"
"active","6","11.45","JJ"
"activities","10","8.61","NN"
"activity","8","12.88","NN"
"actress","7","16.02","NN"
"actual","6","17.33","JJ|NN"
"wondered","8","14.90","VB"
"wonderful","9","164.00","JJ"
"wondering","9","63.35","VB|NN"
"worried","7","94.73","VB|JJ"
"worries","7","10.61","NN|VB"
"worrying","8","16.22","VB|NN|JJ"
"worship","7","8.02","NN|VB"
"worthless","9","9.27","JJ"
"worthy","6","10.33","JJ"
"wrestling","9","8.75","VB|NN"
"written","7","44.06","VB|JJ"
"yacht","5","8.22","NN"
"Yankee","6","9.00","NN"
"Yankees","7","6.06","NN"
"yesterday","9","96.76","NN|RB"
"younger","7","24.65","JJ"
"youngest","8","5.00","JJ"
"yourselves","10","29.00","minor"
"wherever","8","29.41","minor"
"whether","7","67.14","minor"
"whiskey","7","16.12","NN"
"whisper","7","7.90","NN|VB"
"whispering","10","8.10","VB"
"whispers","8","5.49","NN|VB"
"whistle","7","15.45","NN"
"whistling","9","5.12","VB"
"whoever","7","43.20","minor"
"widow","5","12.10","NN"
"William","7","32.41","NN"
"Willie","6","21.43","NN"
"Wilson","6","23.27","NN"
"Winchester","10","6.43","NN"
"window","6","86.00","NN"
"windows","7","23.33","NN"
"wisdom","6","11.08","NN"
"withdraw","8","6.61","VB"
"within","6","59.16","minor|NN"
"witness","7","51.39","NN|VB"
"witnessed","9","5.71","VB"
"witnesses","9","19.71","NN|VB"
"wizard","6","10.63","NN"
"wandering","9","7.90","VB|NN"
"wardrobe","8","6.47","NN"
"warehouse","9","9.98","NN"
"warrant","7","20.78","NN|VB"
"warrior","7","10.12","NN"
"warriors","8","6.59","NN"
"Washington","10","42.00","NN"
"Watson","6","20.90","NN"
"weakness","8","8.90","NN"
"wealthy","7","7.37","JJ"
"weapon","6","46.65","NN"
"weapons","7","40.49","NN"
"Webster","7","6.31","NN"
"Wednesday","9","18.27","NN"
"weekend","7","61.14","NN"
"weekends","8","7.39","NN"
"welcome","7","179.22","JJ|VB|NN"
"welfare","7","7.88","NN"
"Wesley","6","11.20","NN"
"western","7","13.31","JJ|NN"
"whatsoever","10","9.22","minor|RB|NN"
"wheelchair","10","6.20","NN"
"whenever","8","35.10","minor"
"vicious","7","8.59","JJ|NN"
"victim","6","47.73","NN"
"victims","7","23.45","NN"
"victor","6","17.82","NN"
"Victoria","8","7.35","NN"
"victory","7","21.45","NN"
"video","5","41.27","NN|VB"
"videotape","9","5.18","NN"
"Vietnam","7","16.02","NN"
"Vietnamese","10","5.10","JJ|NN"
"village","7","33.57","NN"
"Vincent","7","18.55","NN"
"violation","9","7.55","NN"
"violence","8","23.00","NN"
"violent","7","16.67","JJ"
"violet","6","8.04","NN"
"Virgil","6","6.61","NN"
"virgin","6","18.84","JJ|NN"
"Virginia","8","14.08","NN"
"virtue","6","5.16","NN"
"virus","5","18.90","NN"
"vision","6","23.88","NN"
"visions","7","8.24","NN"
"visited","7","6.86","VB"
"visiting","8","15.43","VB"
"visitor","7","8.75","NN"
"visitors","8","9.92","NN"
"visual","6","11.49","JJ|NN"
"Vivian","6","5.90","NN"
"vodka","5","10.10","NN"
"volume","6","6.94","NN"
"volunteer","9","9.31","NN|VB"
"volunteers","10","5.16","NN|VB"
"vomit","5","5.33","VB|NN"
"voyage","6","6.00","NN|VB"
"vulnerable","10","8.57","JJ"
"waitress","8","11.53","NN"
"urgent","6","14.86","JJ|NN"
"useful","6","13.12","JJ|NN"
"useless","7","19.94","JJ"
"usual","5","37.24","JJ|NN"
"usually","7","63.02","RB"
"vacation","8","32.80","NN|VB"
"vacuum","6","5.76","NN|VB"
"vagina","6","5.06","NN"
"valentine","9","15.06","NN"
"valuable","8","15.59","JJ"
"vampire","7","17.53","NN"
"vampires","8","9.00","NN"
"vanished","8","5.55","VB"
"variety","7","5.76","NN"
"various","7","8.94","JJ|NN"
"vegetable","9","5.71","NN"
"vegetables","10","6.63","NN"
"vehicle","7","22.61","NN"
"vehicles","8","6.00","NN"
"velvet","6","6.27","NN"
"vengeance","9","5.41","NN"
"Venice","6","6.51","NN"
"verdict","7","10.94","NN"
"Veronica","8","11.51","NN"
"version","7","16.24","NN"
"versus","6","8.06","minor"
"vessel","6","9.35","NN"
"unpleasant","10","6.10","JJ"
"unstable","8","5.10","JJ"
"unusual","7","23.73","JJ"
"upon","4","62.73","minor|NN"
"upside","6","9.29","RB|NN"
"upstairs","8","70.73","NN"
"underneath","10","16.25","minor|NN"
"understood","10","32.14","VB|NN"
"underwater","10","6.33","JJ|NN"
"underwear","9","21.67","NN"
"unexpected","10","8.78","JJ"
"unfair","6","9.84","JJ|NN"
"unhappy","7","16.53","JJ"
"uniform","7","24.82","NN|JJ"
"uniforms","8","7.90","NN"
"unique","6","13.65","JJ|NN"
"universal","9","5.86","JJ|NN"
"universe","8","25.27","NN"
"university","10","23.59","NN"
"unknown","7","15.18","JJ|NN"
"unless","6","113.69","minor"
"unlike","6","10.39","minor"
"unlikely","8","5.06","JJ|RB"
"unlock","6","5.49","VB"
"twelve","6","18.82","minor|NN"
"twenty","6","27.02","minor|NN"
"Tyler","5","13.90","NN"
"typical","7","12.59","JJ"
"ugly","4","42.16","JJ"
"ultimate","8","9.02","JJ|NN"
"ultimately","10","5.65","RB"
"umbrella","8","7.49","NN"
"undercover","10","11.73","JJ|NN"
"transport","9","11.20","NN"
"trauma","6","17.04","NN"
"traveled","8","6.73","VB"
"traveling","9","14.20","VB"
"travels","7","5.65","VB|NN"
"treason","7","5.08","NN"
"treasure","8","19.06","NN"
"treatment","9","19.31","NN"
"tremendous","10","8.45","JJ"
"tribute","7","5.24","NN"
"trigger","7","16.88","NN|VB"
"trophy","6","7.55","NN"
"troubled","8","6.78","JJ|VB"
"troubles","8","11.63","NN|VB"
"trousers","8","5.16","NN"
"truly","5","35.88","RB"
"Tuesday","7","23.65","NN"
"tunnel","6","17.88","NN"
"turkey","6","22.61","NN"
"tongue","6","31.16","NN"
"toothbrush","10","5.00","NN"
"torpedo","7","6.39","NN"
"torture","7","15.92","NN|VB"
"tortured","8","7.47","VB"
"totally","7","85.82","RB"
"touching","8","17.41","VB|NN"
"tougher","7","5.41","JJ"
"tourists","8","5.41","NN"
"tournament","10","9.10","NN"
"towards","7","27.43","minor"
"tradition","9","13.67","NN"
"traffic","7","28.51","NN"
"tragedy","7","14.18","NN"
"tragic","6","12.24","JJ|NN"
"traitor","7","10.59","NN"
"transcript","10","13.82","NN"
"transfer","8","20.55","NN"
"transplant","10","5.10","NN"
"thirty","6","17.18","minor|NN"
"Thomas","6","32.08","NN"
"Thompson","8","9.31","NN"
"thoughtful","10","7.80","JJ"
"thoughts","8","33.39","NN"
"thousand","8","69.29","minor|NN"
"thousands","9","27.65","NN"
"threaten","8","8.53","VB"
"threatened","10","16.57","VB|JJ"
"threats","7","6.65","NN"
"thrilled","8","11.06","VB|JJ"
"throughout","10","10.75","minor"
"throwing","8","29.18","VB|NN"
"thrown","6","20.53","VB"
"thunder","7","13.31","NN|VB"
"Thursday","8","24.16","NN"
"tissue","6","10.73","NN"
"tobacco","7","6.98","NN"
"Tokyo","5","13.53","NN"
"tolerate","8","6.94","VB"
"tomato","6","5.90","NN"
"telephone","9","32.37","NN|VB"
"television","10","33.90","NN"
"temporary","9","13.04","JJ"
"tennis","6","13.63","NN"
"tension","7","8.55","NN"
"tequila","7","5.86","NN"
"terminal","8","7.65","NN|JJ"
"terrible","8","94.02","JJ"
"terribly","8","23.63","RB"
"terrific","8","41.92","JJ"
"terrified","9","9.57","VB|JJ"
"territory","9","14.67","NN"
"terror","6","9.00","NN"
"terrorist","9","12.10","JJ|NN"
"terrorists","10","11.78","NN"
"testify","7","14.20","VB"
"testimony","9","14.75","NN"
"thankful","8","5.37","JJ"
"theatre","7","11.41","NN"
"theft","5","6.75","NN"
"themselves","10","45.94","minor|NN"
"theories","8","5.41","NN"
"theory","6","28.61","NN"
"therapist","9","9.51","NN"
"therapy","7","18.51","NN"
"therefore","9","20.75","RB"
"thieves","7","9.10","NN|VB"
"thirsty","7","12.29","JJ"
"thirteen","8","5.25","minor|NN"
"syrup","5","5.10","NN"
"system","6","91.51","NN"
"systems","7","16.63","NN"
"tactical","8","5.51","JJ"
"talented","8","11.39","JJ"
"targets","7","6.67","NN|VB"
"Tarzan","6","9.73","NN"
"tattoo","6","11.96","NN|VB"
"teachers","8","11.39","NN"
"technical","9","8.24","JJ"
"technique","9","8.94","NN"
"technology","10","14.94","NN"
"teenage","7","6.86","JJ"
"teenager","8","6.88","NN"
"telegram","8","9.24","NN"
"supervisor","10","5.96","NN"
"supplies","8","14.06","NN|VB"
"supply","6","18.67","NN|VB"
"support","7","50.73","NN|VB"
"suppose","7","125.80","VB"
"supposedly","10","5.14","RB"
"supreme","7","8.76","NN"
"surface","7","18.24","NN|VB"
"surgeon","7","16.43","NN"
"surgery","7","32.37","NN"
"surgical","8","8.02","JJ"
"surprise","8","88.90","NN|VB"
"surprised","9","55.06","VB|JJ"
"surprises","9","9.75","NN|VB"
"surprising","10","6.02","JJ|VB"
"surrender","9","15.47","VB|NN"
"surrounded","10","13.27","VB"
"survival","8","10.10","NN"
"survive","7","30.14","VB"
"survived","8","12.94","VB"
"survivors","9","6.53","NN"
"suspect","7","44.20","NN"
"suspected","9","9.75","VB|JJ"
"suspects","8","12.45","NN"
"suspended","9","7.31","VB|JJ"
"suspicion","9","7.31","NN"
"suspicious","10","15.98","JJ"
"sustained","9","7.78","VB"
"swallow","7","12.73","VB|NN"
"swallowed","9","6.71","VB"
"sweetest","8","5.78","JJ"
"sweetheart","10","64.16","NN"
"sweetie","7","53.55","NN"
"swimming","8","19.98","VB|NN"
"switched","8","7.67","VB"
"Sydney","6","31.75","NN"
"symbol","6","8.59","NN"
"sympathy","8","8.35","NN"
"symptoms","8","7.98","NN"
"syndrome","8","6.27","NN"
"subject","7","36.96","NN|JJ"
"subjects","8","6.96","NN"
"submarine","9","7.10","NN"
"submit","6","5.53","VB"
"substance","9","7.14","NN"
"subway","6","10.71","NN"
"succeed","7","9.45","VB"
"success","7","27.25","NN"
"successful","10","20.33","JJ"
"suction","7","5.63","NN|VB"
"suddenly","8","55.96","RB"
"suffered","8","12.86","VB"
"suffering","9","19.43","VB|NN|JJ"
"suggest","7","39.24","VB"
"suggested","9","10.29","VB"
"suggesting","10","10.80","VB"
"suggestion","10","12.20","NN"
"suggests","8","5.02","VB|NN"
"suicide","7","34.25","NN"
"suitcase","8","13.39","NN"
"sunrise","7","6.06","NN"
"sunset","6","10.31","NN"
"sunshine","8","11.84","NN"
"superior","8","13.00","JJ|NN"
"superman","8","12.22","NN"
"stitches","8","5.00","NN|VB"
"stomach","7","33.82","NN|VB"
"storage","7","8.86","NN"
"straight","8","122.43","JJ|NN"
"straighten","10","11.20","VB"
"stranger","8","27.00","NN|JJ"
"strangers","9","15.45","NN"
"strategy","8","9.45","NN"
"strawberry","10","5.53","NN"
"streets","7","31.59","NN"
"strength","8","36.92","NN"
"stressed","8","5.55","VB|JJ"
"stretch","7","14.67","NN|VB"
"strict","6","7.02","JJ"
"strictly","8","10.75","RB"
"stripper","8","5.24","NN"
"stronger","8","19.10","JJ|NN"
"strongly","8","6.71","RB"
"structure","9","10.18","NN|VB"
"struggle","8","13.37","NN|VB"
"struggling","10","6.20","VB"
"Stuart","6","12.76","NN"
"stubborn","8","10.86","JJ"
"student","7","43.04","NN"
"students","8","30.67","NN"
"studied","7","11.31","VB"
"studies","7","9.35","NN|VB"
"studio","6","23.33","NN"
"studying","8","19.35","VB"
"stuffed","7","8.65","VB"
"stupid","6","184.41","JJ|NN"
"stadium","7","6.12","NN"
"standard","8","18.43","JJ|NN"
"standards","9","7.22","NN"
"Stanford","8","5.57","NN"
"Stanley","7","18.61","NN"
"starboard","9","6.55","VB|NN"
"statement","9","29.24","NN"
"statements","10","5.47","NN"
"stations","8","12.65","NN|VB"
"Stephen","7","13.29","NN"
"stereo","6","5.96","NN"
"special","7","148.57","JJ|NN"
"specialist","10","5.18","NN"
"specialty","9","5.33","NN"
"species","7","13.65","NN|minor"
"specific","8","17.80","JJ|NN"
"speech","6","38.04","NN"
"speeches","8","5.59","NN"
"spirit","6","49.35","NN"
"spirits","7","16.14","NN"
"spiritual","9","8.88","JJ"
"splendid","8","11.67","JJ"
"sponge","6","6.71","NN"
"sponsor","7","5.35","NN|VB"
"spreading","9","6.75","VB"
"squeeze","7","15.08","VB|NN"
"squirrel","8","5.47","NN|VB"
"soccer","6","12.55","NN"
"social","6","33.39","JJ|NN"
"society","7","32.92","NN"
"software","8","8.43","NN"
"soldier","7","38.92","NN|VB"
"soldiers","8","27.63","NN|VB"
"solution","8","15.82","NN"
"someday","7","33.84","RB"
"somehow","7","45.29","RB"
"someplace","9","31.59","RB"
"sometime","8","33.31","RB|JJ"
"sometimes","9","179.00","RB"
"somewhat","8","9.10","RB|NN"
"somewhere","9","111.53","RB|NN"
"sooner","6","37.02","RB"
"Sophia","6","5.67","NN"
"sorrow","6","6.86","NN|VB"
"sources","7","8.22","NN|VB"
"southern","8","11.61","JJ|NN"
"Soviet","6","7.06","JJ|NN"
"spaghetti","9","5.92","NN"
"Spanish","7","22.16","NN|JJ"
"slaughter","9","5.45","NN|VB"
"sleeve","6","5.61","NN"
"slightest","9","6.78","JJ"
"slightly","8","11.29","RB"
"sloppy","6","5.88","JJ"
"slowly","6","25.08","RB"
"smaller","7","13.33","JJ|NN"
"sneaking","8","7.92","VB"
"sickness","8","7.94","NN"
"sidewalk","8","5.47","NN"
"Sidney","6","10.41","NN"
"signal","6","37.76","NN|VB"
"signals","7","9.53","NN|VB"
"signature","9","12.20","NN"
"silence","7","25.37","NN|VB"
"silent","6","23.00","JJ"
"similar","7","13.63","JJ"
"Simmons","7","5.69","NN"
"Simon","5","24.86","NN"
"Simpson","7","6.98","NN"
"sincere","7","5.98","JJ"
"situations","10","7.10","NN"
"situation","9","82.49","NN"
"sixteen","7","8.20","minor|NN"
"skeleton","8","5.12","NN"
"skinny","6","13.98","JJ"
"shallow","7","5.90","JJ|NN"
"Sharon","6","10.27","NN"
"Sheila","6","8.27","NN"
"shepherd","8","7.43","NN|VB"
"sheriff","7","61.08","NN"
"Sherlock","8","5.27","NN"
"sherry","6","13.82","NN"
"shield","6","8.20","NN|VB"
"shields","7","5.14","NN|VB"
"shipment","8","6.31","NN"
"Shirley","7","16.55","NN"
"shortly","7","10.06","RB"
"shotgun","7","10.04","NN"
"shoulder","8","26.20","NN|VB"
"shoulders","9","11.76","NN|VB"
"shrimp","6","8.71","NN"
"shuttle","7","5.53","NN"
"secure","6","24.33","VB|JJ"
"secured","7","5.14","VB"
"security","8","94.31","NN"
"selfish","7","15.90","JJ"
"semester","8","6.94","NN"
"senator","7","33.16","NN"
"senior","6","26.25","JJ|NN"
"sensible","8","6.80","JJ|NN"
"sensitive","9","22.53","JJ|NN"
"sentence","8","20.53","NN|VB"
"separate","8","21.71","JJ"
"separated","9","10.59","VB"
"September","9","11.00","NN"
"sequence","8","8.39","NN"
"sergeant","8","62.94","NN"
"serious","7","148.35","JJ|NN"
"seriously","9","64.12","RB"
"servant","7","12.14","NN"
"servants","8","6.90","NN"
"service","7","79.92","NN|VB"
"services","8","20.65","NN|VB"
"session","7","13.29","NN"
"settlement","10","6.31","NN"
"setup","5","8.63","NN|VB"
"seventeen","9","5.80","minor|NN"
"seventh","7","9.75","JJ|NN"
"several","7","38.78","JJ|RB"
"sexual","6","33.20","JJ"
"sexually","8","8.67","RB"
"shadow","6","21.18","NN|VB"
"shadows","7","11.43","NN|VB"
"scenario","8","6.25","NN"
"schedule","8","29.76","NN|VB"
"scheduled","9","9.47","VB"
"scheme","6","7.25","NN|VB"
"schools","7","14.00","NN|VB"
"science","7","37.25","NN"
"scientist","9","12.18","NN"
"scientific","10","11.37","JJ"
"scientists","10","9.69","NN"
"scissors","8","6.69","NN"
"Scotland","8","7.41","NN"
"scrambled","9","7.20","VB"
"scratch","7","18.84","NN|VB"
"screaming","9","38.14","VB|NN"
"screams","7","16.90","NN|VB"
"screech","7","6.24","NN|VB"
"screwed","7","29.78","VB|JJ"
"script","6","19.61","NN"
"searched","8","7.96","VB"
"searching","9","16.78","VB|NN|JJ"
"Seattle","7","12.49","NN"
"seconds","7","70.65","NN|VB"
"secretary","9","33.22","NN"
"secretly","8","5.10","RB"
"secrets","7","23.86","NN"
"safely","6","11.10","RB"
"safety","6","32.33","NN"
"salary","6","10.75","NN"
"salesman","8","10.43","NN"
"salvation","9","5.02","NN"
"Samuel","6","6.75","NN"
"Sandra","6","7.27","NN"
"sandwich","8","21.92","NN|VB"
"sandwiches","10","9.61","NN|VB"
"Santa","5","46.69","NN"
"satellite","9","15.65","NN"
"satisfied","9","15.51","VB|JJ"
"satisfy","7","5.61","VB"
"Saturday","8","47.51","NN"
"sausage","7","7.78","NN"
"savage","6","7.16","JJ|NN|VB"
"Sawyer","6","6.55","NN"
"scandal","7","8.12","NN"
"robbery","7","23.04","NN"
"Robinson","8","7.55","NN"
"Rodney","6","6.35","NN"
"romance","7","15.53","NN|VB"
"romantic","8","35.18","JJ|NN"
"roommate","8","11.39","NN"
"routine","7","19.84","JJ|NN"
"rubbish","7","5.59","NN|VB"
"rumors","6","9.18","NN|VB"
"runway","6","5.47","NN"
"Russell","7","18.16","NN"
"Russia","6","12.35","NN"
"Russian","7","29.43","NN|JJ"
"Russians","8","10.00","NN"
"sacred","6","14.02","JJ"
"sacrifice","9","17.90","NN|VB"
"retreat","7","9.49","NN|VB"
"return","6","91.69","NN|VB"
"returned","8","24.76","VB"
"returning","9","11.57","VB|NN|JJ"
"returns","7","8.76","NN|VB"
"reunion","7","8.82","NN"
"revenge","7","19.04","NN"
"reverend","8","18.88","NN"
"revolution","10","12.33","NN"
"rhythm","6","10.90","NN"
"ribbon","6","5.06","NN"
"Richard","7","73.82","NN"
"ridiculous","10","55.61","JJ"
"ritual","6","8.94","NN"
"repeating","9","5.29","VB|NN|JJ"
"replace","7","13.35","VB|NN"
"replaced","8","8.25","VB"
"reporter","8","20.39","NN"
"reporters","9","8.55","NN"
"reporting","9","11.55","VB|NN"
"represent","9","15.16","VB"
"represents","10","6.14","VB"
"republic","8","5.61","NN"
"reputation","10","19.27","NN"
"request","7","25.57","NN|VB"
"requested","9","8.63","VB"
"requests","8","5.35","NN|VB"
"require","7","10.63","VB"
"required","8","10.73","VB"
"requires","8","9.59","VB"
"rescue","6","25.41","NN|VB"
"rescued","7","5.41","VB"
"research","8","33.10","NN|VB"
"residence","9","8.25","NN"
"resident","8","7.33","NN"
"residents","9","5.20","NN"
"resistance","10","8.45","NN"
"resources","9","9.22","NN"
"respect","7","71.45","NN|VB"
"respected","9","6.59","VB|JJ"
"respects","8","6.67","NN|VB"
"respond","7","14.10","VB|NN"
"response","8","16.10","NN"
"restaurant","10","46.53","NN"
"result","6","19.76","NN|VB"
"results","7","22.71","NN|VB"
"retarded","8","6.24","JJ"
"retirement","10","8.45","NN"
"regarding","9","8.47","VB"
"regardless","10","5.14","RB"
"regards","7","5.06","NN|VB"
"register","8","11.00","VB|NN"
"registered","10","10.14","VB|JJ"
"regret","6","27.14","VB|NN"
"regrets","7","5.90","VB|NN"
"regular","7","33.86","JJ"
"rehearsal","9","12.45","NN|JJ"
"relations","9","9.55","NN"
"relative","8","7.78","JJ|NN"
"relatives","9","10.06","NN"
"release","7","36.29","NN|VB"
"relevant","8","5.61","JJ"
"reliable","8","5.90","JJ"
"relief","6","14.59","NN"
"relieve","7","5.57","VB"
"relieved","8","10.27","VB|JJ"
"religion","8","13.86","NN"
"religious","9","13.86","JJ"
"remaining","9","6.75","VB|JJ|NN"
"remarkable","10","12.57","JJ"
"Rembrandt","9","10.20","NN"
"remembered","10","22.47","VB"
"remembers","9","7.71","VB"
"reminded","8","8.29","VB"
"reminds","7","18.37","VB|NN"
"rendezvous","10","6.12","NN|VB"
"repair","6","8.82","NN|VB"
"recall","6","19.67","VB|NN"
"receipt","7","7.43","NN"
"received","8","28.16","VB"
"receiving","9","7.69","VB|NN"
"recently","8","26.04","RB"
"reception","9","11.14","NN"
"reckon","6","11.69","VB"
"recognize","9","34.31","VB"
"recognized","10","8.98","VB"
"recommend","9","14.00","VB"
"recording","9","14.67","NN|VB"
"reconsider","10","5.02","VB"
"records","7","40.51","NN"
"recover","7","8.02","VB"
"recovered","9","8.78","VB"
"recovery","8","9.10","NN"
"reference","9","8.47","NN"
"referring","9","6.73","VB"
"reflection","10","5.02","NN"
"radar","5","35.51","NN"
"radiation","9","8.22","NN"
"railroad","8","12.43","NN"
"rainbow","7","7.98","NN"
"Ralph","5","15.35","NN"
"random","6","10.24","JJ|NN"
"ransom","6","9.76","NN"
"rational","8","5.02","JJ"
"razor","5","6.88","NN"
"reaction","8","16.27","NN"
"reality","7","30.25","NN"
"realize","7","79.06","VB"
"realized","8","35.96","VB"
"reasonable","10","18.55","JJ"
"reasons","7","32.45","NN|VB"
"pumpkin","7","10.84","NN"
"punish","6","9.67","VB"
"punished","8","10.31","VB"
"punishment","10","13.43","NN"
"puppet","6","5.47","NN"
"puppies","7","5.45","NN"
"purchase","8","6.37","VB|NN"
"purple","6","12.33","JJ|NN"
"purpose","7","35.08","NN"
"purposes","8","5.14","NN"
"pursue","6","6.41","VB"
"pursuit","7","7.04","NN"
"qualified","9","8.25","VB"
"quality","7","18.57","NN|JJ"
"quantum","7","5.59","NN"
"quarrel","7","5.61","NN|VB"
"quarter","7","26.02","NN|VB"
"quarters","8","16.16","NN|VB"
"queen","5","54.69","NN"
"queens","6","9.73","NN"
"question","8","198.35","NN|VB"
"questioned","10","5.75","VB"
"questions","9","117.96","NN|VB"
"quickly","7","56.49","RB"
"quietly","7","12.33","RB"
"quitting","8","8.82","VB"
"rabbi","5","6.71","NN"
"rabbit","6","20.94","NN|VB"
"rabbits","7","6.43","NN|VB"
"program","7","42.63","NN|VB"
"programs","8","5.57","NN|VB"
"progress","8","21.25","NN"
"project","7","37.39","NN"
"projects","8","5.59","NN"
"promise","7","153.12","NN|VB"
"promised","8","62.14","VB|JJ"
"promises","8","11.37","VB|NN"
"promising","9","6.59","JJ|VB"
"promoted","8","5.61","VB"
"promotion","9","10.92","NN"
"pronounce","9","6.49","VB"
"properly","8","12.90","RB"
"property","8","33.29","NN"
"prophecy","8","6.29","NN"
"prophet","7","5.33","NN"
"proposal","8","8.78","NN"
"propose","7","13.00","VB"
"proposed","8","6.73","VB"
"prosecutor","10","7.18","NN"
"prostitute","10","7.55","NN"
"protect","7","70.25","VB"
"protected","9","10.86","VB|JJ"
"protecting","10","16.02","VB"
"protection","10","23.47","NN"
"protective","10","6.06","JJ|NN"
"protocol","8","7.49","NN"
"provide","7","17.41","VB|NN"
"provided","8","9.92","VB"
"psychic","7","11.86","JJ|NN"
"psycho","6","11.02","NN"
"psychology","10","5.47","NN"
"psychotic","9","6.39","JJ"
"public","6","71.08","JJ|NN|RB"
"publicity","9","10.47","NN"
"publish","7","5.10","VB"
"published","9","7.20","VB"
"premises","8","5.08","NN"
"prepare","7","33.55","VB"
"prepared","8","35.78","VB|JJ"
"preparing","9","8.96","VB"
"presence","8","20.86","NN"
"presented","9","5.78","VB"
"presents","8","19.08","NN"
"preserve","8","5.63","VB|NN"
"president","9","140.67","NN"
"pressure","8","53.12","NN|VB"
"presume","7","8.14","VB"
"pretend","7","40.31","VB|JJ"
"pretending","10","15.59","VB"
"prettiest","9","5.73","JJ"
"previous","8","9.49","JJ"
"previously","10","18.10","RB"
"primary","7","8.71","JJ"
"primitive","9","5.16","JJ"
"princess","8","39.59","NN"
"principal","9","13.75","JJ|NN"
"principle","9","7.75","NN"
"principles","10","6.00","NN"
"priority","8","10.18","NN"
"prisoner","8","23.14","NN"
"prisoners","9","16.10","NN"
"privacy","7","15.18","NN"
"private","7","75.96","JJ|NN|RB"
"privilege","9","10.63","NN"
"probation","9","5.86","NN"
"problems","8","77.08","NN"
"procedure","9","16.14","NN"
"procedures","10","5.10","NN"
"proceed","7","20.90","VB|NN"
"process","7","27.98","NN|VB"
"produce","7","11.06","VB"
"produced","8","5.25","VB"
"producer","8","12.47","NN"
"product","7","14.75","NN"
"production","10","12.65","NN"
"products","8","6.12","NN"
"profession","10","9.04","NN"
"professor","9","69.57","NN"
"profile","7","12.88","NN|VB"
"profit","6","10.96","NN|VB"
"profits","7","5.53","NN|VB"
"population","10","9.10","NN"
"portrait","8","5.43","NN"
"position","8","72.08","NN|VB"
"positions","9","9.59","NN|VB"
"positive","8","31.63","JJ|NN"
"positively","10","6.08","RB"
"possess","7","5.49","VB"
"possessed","9","6.67","VB"
"possession","10","13.33","NN"
"possible","8","114.04","JJ|RB|NN"
"possibly","8","48.90","RB"
"potato","6","11.29","NN"
"potatoes","8","11.10","NN"
"potential","9","18.82","JJ|NN"
"powerful","8","35.12","JJ|NN"
"practical","9","11.31","JJ|NN"
"practice","8","45.69","NN|VB"
"practicing","10","9.88","VB"
"prayers","7","9.51","NN"
"preacher","8","6.71","NN"
"precinct","8","7.33","NN"
"precious","8","23.35","JJ"
"precise","7","5.20","JJ"
"precisely","9","11.98","RB"
"pregnancy","9","6.55","NN"
"pregnant","8","52.02","JJ"
"plastic","7","18.76","NN|JJ"
"platform","8","6.14","NN"
"platoon","7","7.22","NN"
"playground","10","5.10","NN"
"pleasant","8","21.02","JJ|NN"
"pleasure","8","80.75","NN|VB"
"pledge","6","6.88","NN|VB"
"plenty","6","62.31","NN"
"pneumonia","9","5.04","NN"
"poetry","6","13.37","NN"
"pointing","8","8.33","VB|NN"
"poison","6","24.55","NN|VB"
"poisoned","8","7.73","VB"
"poisoning","9","5.92","NN|VB"
"policeman","9","11.73","NN"
"policy","6","27.02","NN"
"polish","6","9.67","NN|VB"
"polite","6","13.94","JJ"
"political","9","21.86","JJ"
"politics","8","16.57","NN"
"popcorn","7","9.12","NN"
"popular","7","23.08","JJ|NN"
"Phoenix","7","10.88","NN"
"photograph","10","11.35","NN|VB"
"photos","6","19.92","NN"
"phrase","6","9.10","NN|VB"
"Phyllis","7","5.55","NN"
"physical","8","27.18","JJ|NN"
"physically","10","9.24","RB"
"physician","9","6.14","NN"
"physics","7","9.45","NN"
"pickup","6","7.63","NN"
"picnic","6","11.69","NN"
"picture","7","138.45","NN|VB"
"pictures","8","68.18","NN|VB"
"pierce","6","25.75","VB|NN"
"Pierre","6","7.73","NN"
"pigeon","6","5.90","NN"
"pirates","7","6.71","NN|VB"
"pistol","6","10.06","NN"
"pizza","5","33.51","NN"
"plague","6","8.31","NN|VB"
"pencil","6","9.86","NN|VB"
"pentagon","8","5.84","NN"
"percent","7","25.75","NN"
"perfect","7","158.65","JJ|NN"
"perfection","10","5.39","NN"
"perfectly","9","43.25","RB"
"perform","7","16.10","VB"
"performed","9","7.31","VB"
"performing","10","6.37","VB|NN"
"perfume","7","11.43","NN"
"perhaps","7","136.06","RB"
"perimeter","9","9.04","NN"
"period","6","27.78","NN"
"permanent","9","12.14","JJ|NN"
"permission","10","31.12","NN"
"permit","6","12.10","NN"
"personal","8","91.67","JJ|NN"
"personally","10","36.67","RB"
"personnel","9","16.37","NN"
"persons","7","7.73","NN"
"persuade","8","6.39","VB"
"pervert","7","6.90","NN"
"Philip","6","12.53","NN"
"philosophy","10","8.27","NN"
"parole","6","10.45","NN|VB"
"particular","10","27.90","JJ|NN|RB"
"partner","7","75.22","NN|VB"
"partners","8","24.16","NN|VB"
"passion","7","19.76","NN"
"passage","7","7.65","NN"
"passenger","9","10.76","NN"
"passengers","10","12.29","NN"
"passionate","10","6.00","JJ"
"passport","8","10.47","NN"
"password","8","7.98","NN"
"pathetic","8","24.20","JJ"
"patience","8","15.37","NN"
"patient","7","63.65","JJ"
"patients","8","29.63","NN"
"Patrick","7","14.49","NN"
"patrol","6","15.53","NN|VB"
"payment","7","10.55","NN"
"payroll","7","5.04","NN"
"peaceful","8","11.24","JJ"
"peacock","7","5.12","NN"
"peanut","6","12.35","NN"
"peanuts","7","7.55","NN"
"peculiar","8","7.55","JJ"
"Pedro","5","6.69","NN"
"penalty","7","9.10","NN"
"overtime","8","6.24","NN"
"oxygen","6","13.88","NN|JJ"
"pacific","7","9.67","NN|JJ"
"package","7","22.78","NN"
"painful","7","15.16","JJ|NN"
"paintings","9","11.27","NN"
"pajamas","7","5.82","NN"
"panicked","8","5.14","VB"
"paperwork","9","10.41","NN"
"paradise","8","13.25","NN"
"paranoid","8","10.65","JJ"
"Orleans","7","10.76","NN"
"orphan","6","5.75","NN|VB"
"orphanage","9","5.35","NN"
"Oscar","5","17.80","NN"
"otherwise","9","41.55","RB|JJ|NN"
"ourselves","9","52.47","minor|NN"
"outfit","6","25.10","NN"
"outrageous","10","6.33","JJ"
"outside","7","170.02","minor|NN|JJ|RB"
"overboard","9","5.08","RB|NN"
"overcome","8","6.20","VB"
"overnight","9","10.02","JJ|RB"
"override","8","5.16","VB"
"occurred","8","14.45","VB"
"October","7","9.92","NN"
"offence","7","5.35","NN"
"offend","6","5.22","VB"
"offended","8","7.53","VB|JJ"
"offense","7","16.47","NN"
"offensive","9","6.41","JJ|NN"
"offered","7","26.14","VB"
"offering","8","15.24","NN|VB"
"offers","6","7.51","VB|NN"
"officer","7","103.24","NN"
"officers","8","28.27","NN"
"offices","7","6.59","NN"
"official","8","24.00","JJ|NN"
"officially","10","15.20","RB"
"officials","9","6.98","NN"
"Ohio","4","8.71","NN"
"oldest","6","9.37","JJ"
"Olivia","6","5.24","NN"
"onions","6","5.67","NN"
"opened","6","33.84","VB"
"opening","7","38.43","NN|VB"
"opera","5","17.12","NN"
"operating","9","11.41","VB|NN"
"operation","9","43.94","NN"
"operations","10","11.76","NN"
"operator","8","16.39","NN"
"opinion","7","42.00","NN"
"opinions","8","5.02","NN"
"opposed","7","6.90","VB|JJ"
"opposite","8","15.20","JJ|NN|minor"
"option","6","14.43","NN|VB"
"options","7","14.02","NN"
"orbit","5","5.65","NN|VB"
"orchestra","9","5.51","NN"
"ordered","7","36.96","VB"
"ordering","8","7.24","VB|NN"
"ordinary","8","19.08","JJ"
"organized","9","10.18","VB|JJ"
"organs","6","5.90","NN"
"original","8","28.24","JJ|NN"
"originally","10","6.96","RB"
"nonsense","8","28.47","NN"
"normally","8","16.04","RB"
"northern","8","7.10","JJ|NN"
"noticed","7","41.78","VB"
"notify","6","7.20","VB"
"November","8","8.76","NN"
"nowadays","8","7.04","RB"
"nowhere","7","39.12","RB"
"nuclear","7","18.98","JJ|NN"
"numbers","7","39.61","NN|VB"
"object","6","25.76","NN"
"objection","9","21.73","NN"
"objective","9","7.04","NN|JJ"
"objects","7","8.71","NN"
"obligation","10","6.75","NN"
"obliged","7","5.78","VB|JJ"
"observe","7","9.78","VB|NN"
"obsessed","8","10.31","VB|JJ"
"obsession","9","5.67","NN"
"obvious","7","29.57","JJ"
"obviously","9","60.43","RB"
"occasion","8","16.55","NN|VB"
"occupied","8","5.75","VB|JJ"
"occur","5","7.43","VB"
"necessary","9","45.98","JJ|NN"
"necklace","8","9.75","NN"
"needle","6","11.92","NN|VB"
"needles","7","5.16","NN|VB"
"negative","8","25.65","JJ|NN"
"negotiate","9","6.71","VB"
"negro","5","5.37","NN"
"neighbor","8","16.94","NN"
"neighbors","9","17.02","NN"
"neither","7","67.67","minor|NN"
"Nelson","6","11.04","NN"
"nephew","6","16.59","NN"
"nervous","7","67.16","JJ|NN"
"network","7","16.53","NN|VB"
"Nevada","6","6.90","NN"
"Newport","7","5.88","NN"
"newspaper","9","23.69","NN"
"newspapers","10","11.47","NN"
"nicest","6","5.71","JJ"
"Nicholas","8","6.80","NN"
"nickname","8","6.78","NN|VB"
"nightmare","9","22.39","NN"
"nightmares","10","7.27","NN"
"ninth","5","6.55","JJ|NN"
"muffin","6","5.82","NN"
"multiple","8","10.59","JJ|NN"
"murdered","8","38.57","VB"
"murderer","8","26.57","NN"
"murderers","9","5.90","NN"
"murders","7","14.65","NN|VB"
"Murray","6","11.00","NN"
"muscle","6","13.61","NN|VB"
"muscles","7","7.55","NN|VB"
"museum","6","18.47","NN"
"music","5","151.65","NN"
"musical","7","13.16","JJ|NN"
"musician","8","6.04","NN"
"mustard","7","6.45","NN"
"mutual","6","7.22","JJ"
"mysterious","10","15.00","JJ"
"mystery","7","22.96","NN"
"Napoleon","8","6.22","NN"
"narcotics","9","5.14","NN"
"narrator","8","10.37","NN"
"national","8","38.16","JJ|NN"
"native","6","8.25","JJ|NN"
"natural","7","42.35","JJ|NN"
"naturally","9","24.51","RB"
"naughty","7","10.25","JJ"
"Nazis","5","5.45","NN"
"nearby","6","8.33","JJ|RB"
"nearest","7","7.49","JJ"
"moments","7","21.59","NN"
"Monday","6","33.29","NN"
"Monica","6","20.63","NN"
"monitor","7","13.12","NN|VB"
"monkeys","7","7.94","NN|VB"
"Monroe","6","6.75","NN"
"Monsieur","8","31.08","NN"
"monsters","8","10.78","NN"
"Montana","7","5.94","NN"
"Montgomery","10","6.04","NN"
"months","6","163.02","NN"
"moonlight","9","6.94","NN"
"Morgan","6","24.00","NN"
"morgue","6","8.63","NN"
"morphine","8","6.49","NN"
"Morris","6","14.82","NN"
"mortgage","8","5.90","NN|VB"
"Moscow","6","9.43","NN"
"mostly","6","26.08","RB|JJ"
"motive","6","13.24","NN"
"motorcycle","10","8.92","NN"
"mountain","8","35.39","NN"
"mountains","9","18.65","NN"
"movement","8","14.84","NN"
"military","8","41.24","JJ|NN"
"million","7","120.49","minor|NN"
"millions","8","22.49","NN"
"minimum","7","8.14","NN|JJ"
"minister","8","18.45","NN|VB"
"miracle","7","26.65","NN"
"miracles","8","6.55","NN"
"Miriam","6","6.69","NN"
"mirror","6","24.18","NN|VB"
"miserable","9","21.49","JJ"
"missile","7","13.14","NN"
"missiles","8","8.06","NN"
"mistake","7","101.96","NN|VB"
"mistaken","8","12.82","VB|JJ"
"mistakes","8","21.88","NN|VB"
"mistress","8","11.88","NN"
"mobile","6","7.47","JJ|NN"
"modern","6","18.24","JJ|NN"
"medication","10","12.78","NN"
"medicine","8","34.20","NN"
"medium","6","7.10","NN"
"meetings","8","10.39","NN"
"Melissa","7","8.82","NN"
"melody","6","6.61","NN"
"members","7","24.00","NN"
"memorial","8","7.06","NN"
"memories","8","22.20","NN"
"memory","6","48.57","NN"
"mentally","8","5.69","RB"
"mention","7","59.47","VB|NN"
"mentioned","9","30.51","VB"
"merely","6","15.59","RB"
"message","7","91.51","NN"
"messages","8","18.59","NN"
"messenger","9","8.06","NN"
"method","6","7.88","NN"
"methods","7","6.47","NN"
"Mexican","7","12.24","JJ|NN"
"Mexico","6","30.98","NN"
"Miami","5","15.92","NN"
"Michael","7","198.33","NN"
"Michigan","8","5.84","NN"
"Mickey","6","18.75","NN"
"midnight","8","28.37","NN"
"marching","8","6.55","VB|NN"
"Margaret","8","32.02","NN"
"marijuana","9","5.31","NN"
"Marilyn","7","8.84","NN"
"marriage","8","77.06","NN"
"marrying","8","15.92","VB"
"marshal","7","17.65","NN|VB"
"marshall","8","25.90","NN"
"martial","7","5.80","JJ|NN"
"martini","7","7.94","NN"
"marvelous","9","13.16","JJ"
"massage","7","11.08","NN"
"massive","7","9.96","JJ|NN"
"material","8","22.14","NN|JJ"
"Matthew","7","15.49","NN"
"mattress","8","6.61","NN"
"maximum","7","7.76","NN"
"Maxwell","7","5.04","NN"
"mayday","6","5.88","NN|minor"
"meantime","8","15.08","NN|RB"
"meanwhile","9","15.92","RB"
"measure","7","10.53","NN|VB"
"measures","8","5.25","NN|VB"
"mechanic","8","5.06","NN|JJ"
"luxury","6","6.02","NN"
"lyrics","6","5.08","NN"
"machine","7","70.25","NN|VB"
"machines","8","13.86","NN|VB"
"Madame","6","31.20","NN"
"Madison","7","9.14","NN"
"madness","7","8.45","NN"
"Madonna","7","5.55","NN"
"magazine","8","33.20","NN"
"magazines","9","10.25","NN"
"Maggie","6","26.90","NN"
"magical","7","9.10","JJ"
"magician","8","7.65","NN"
"magnum","6","12.02","NN"
"mainly","6","5.02","RB"
"maintain","8","12.96","VB"
"majesty","7","36.53","NN"
"majority","8","5.12","NN"
"makeup","6","15.49","NN"
"management","10","11.65","NN"
"manager","7","39.96","NN"
"Manhattan","9","12.31","NN"
"maniac","6","9.39","NN"
"mankind","7","8.76","NN"
"mansion","7","6.45","NN"
"literature","10","6.39","NN"
"locate","6","10.27","VB"
"located","7","9.18","VB|JJ"
"logic","5","6.71","NN"
"logical","7","7.39","JJ"
"London","6","46.02","NN"
"loneliness","10","5.00","NN"
"lonesome","8","7.00","JJ|NN"
"lottery","7","6.75","NN"
"loyalty","7","11.67","NN"
"Lucille","7","5.67","NN"
"luckily","7","6.39","RB"
"luggage","7","11.12","NN"
"lunatic","7","8.49","JJ"
"legitimate","10","7.53","JJ"
"lemonade","8","5.51","NN"
"length","6","7.02","NN"
"Leonard","7","12.43","NN"
"leopard","7","5.41","NN"
"lesbian","7","9.51","NN|JJ"
"lesson","6","32.24","NN"
"lessons","7","15.14","NN"
"lethal","6","5.67","JJ"
"liberty","7","16.65","NN"
"library","7","22.94","NN"
"license","7","32.06","NN|VB"
"lieutenant","10","104.04","NN"
"lifetime","8","18.22","NN"
"lighting","8","6.33","NN|VB"
"lightning","9","14.14","NN"
"likely","6","25.76","JJ|RB"
"limited","7","11.00","JJ|VB"
"limits","6","7.20","NN|VB"
"Lincoln","7","18.73","NN"
"lipstick","8","8.80","NN"
"liquid","6","7.75","JJ|NN"
"liquor","6","17.29","NN"
"listened","8","14.65","VB"
"listening","9","62.84","VB|NN"
"literally","9","14.49","RB"
"ladies","6","138.31","NN"
"landlord","8","5.33","NN"
"language","8","35.10","NN"
"largest","7","7.88","JJ|RB"
"lately","6","48.22","RB"
"laughed","7","10.69","VB"
"laughing","8","52.29","VB|NN"
"laughs","6","24.27","VB|NN"
"laughter","8","13.80","NN"
"laundry","7","19.06","NN"
"Lawrence","8","13.65","NN"
"lawsuit","7","6.10","NN"
"lawyers","7","19.12","NN"
"league","6","18.63","NN"
"lecture","7","10.47","NN|VB"
"legacy","6","5.02","NN"
"legally","7","7.61","RB"
"legend","6","17.16","NN"
"Juan","4","7.47","NN"
"judging","7","8.16","VB|NN"
"judgment","8","16.45","NN"
"Julian","6","7.41","NN"
"Juliet","6","5.98","NN"
"Julius","6","8.12","NN"
"jumping","7","14.27","VB|NN"
"junior","6","35.78","JJ|NN"
"junkie","6","5.20","NN"
"justice","7","37.45","NN"
"justify","7","5.02","VB"
"juvenile","8","5.12","JJ"
"Kansas","6","12.04","NN"
"karate","6","7.57","NN"
"Karen","5","27.39","NN"
"Katherine","9","7.04","NN"
"Kennedy","7","11.73","NN"
"Kentucky","8","5.22","NN"
"ketchup","7","6.08","NN"
"kidnap","6","6.49","VB"
"kidnapped","9","16.39","VB"
"kidnapping","10","12.10","NN|VB"
"kidney","6","9.69","NN"
"killers","7","11.31","NN"
"kindly","6","10.55","RB|JJ"
"kindness","8","9.02","NN"
"kingdom","7","15.43","NN"
"kitchen","7","58.31","NN"
"knife","5","46.80","NN|VB"
"knights","7","7.53","NN|VB"
"knives","6","6.92","NN"
"knocked","7","24.73","VB"
"knocking","8","14.88","VB|NN"
"knowledge","9","25.53","NN"
"Korean","6","9.92","JJ|NN"
"laboratory","10","6.49","NN"
"irrelevant","10","5.14","JJ"
"isolated","8","6.08","VB|JJ"
"issue","5","34.14","NN|VB"
"issued","6","5.55","VB"
"issues","6","18.71","NN|VB"
"itself","6","39.78","minor|NN"
"jackass","7","6.80","NN"
"Jackie","6","25.02","NN"
"Jackson","7","32.67","NN"
"Jacob","5","11.67","NN"
"janitor","7","5.73","NN"
"January","7","6.69","NN"
"Japan","5","15.51","NN"
"Japanese","8","25.73","NN|JJ"
"jasmine","7","5.45","NN"
"jealous","7","38.27","JJ"
"jealousy","8","5.75","NN"
"Jeff","4","30.18","NN"
"Jefferson","9","10.76","NN"
"jersey","6","18.10","NN"
"Jesus","5","161.18","NN|minor"
"jewelry","7","11.06","NN"
"Jewish","6","13.76","JJ|NN"
"Jimmy","5","80.22","NN"
"Johnny","6","86.43","NN"
"Johnson","7","30.31","NN"
"joining","7","12.04","VB"
"Jonathan","8","13.94","NN"
"Jordan","6","19.94","NN"
"Joseph","6","19.98","NN"
"Joshua","6","5.45","NN"
"journal","7","8.88","NN"
"journey","7","19.94","NN|VB"
"journalist","10","6.10","NN"
"Joyce","5","7.27","NN"
"interest","8","50.94","NN|VB"
"interested","10","85.76","JJ|VB"
"interests","9","13.27","NN|VB"
"interfere","9","9.53","VB"
"interior","8","5.24","JJ|NN"
"internal","8","9.84","JJ"
"interrupt","9","18.73","VB"
"intimate","8","6.96","JJ|NN"
"interview","9","29.51","NN|VB"
"interviews","10","5.25","NN|VB"
"introduce","9","34.73","VB"
"introduced","10","11.63","VB"
"invasion","8","8.51","NN"
"invented","8","15.75","VB"
"invention","9","6.08","NN"
"investment","10","9.75","NN"
"involves","8","5.00","VB"
"invisible","9","12.35","JJ"
"invitation","10","14.88","NN"
"invite","6","29.59","VB"
"invited","7","40.47","VB|JJ"
"inviting","8","7.20","VB|JJ"
"involve","7","6.47","VB"
"involved","8","67.94","VB|JJ"
"ironic","6","6.12","JJ"
"initial","7","6.37","JJ|VB|NN"
"injured","7","10.47","VB"
"injuries","8","7.41","NN"
"injury","6","10.20","NN"
"innocence","9","6.59","NN"
"innocent","8","54.51","JJ|NN"
"insane","6","38.69","JJ|NN"
"insanity","8","7.67","NN"
"insisted","8","8.18","VB"
"inspection","10","5.88","NN"
"inspector","9","22.04","NN"
"inspired","8","7.65","VB"
"instincts","9","8.39","NN"
"instance","8","16.78","NN"
"instant","7","10.78","NN|JJ"
"instead","7","79.27","RB|NN"
"instinct","8","7.65","NN"
"instrument","10","8.10","NN"
"insult","6","12.53","NN"
"insulted","8","6.00","VB"
"insulting","9","5.37","JJ|VB"
"insurance","9","38.33","NN"
"intact","6","6.35","JJ"
"integrity","9","7.20","NN"
"intended","8","11.78","VB"
"intense","7","10.20","JJ"
"intention","9","10.96","NN"
"intentions","10","7.18","NN"
"incredibly","10","13.10","RB"
"incredible","10","37.80","JJ"
"indeed","6","40.49","RB"
"indicate","8","8.33","VB"
"indicates","9","5.43","VB"
"individual","10","11.69","JJ|NN"
"industry","8","11.69","NN"
"inevitable","10","5.65","JJ"
"influence","9","14.78","NN|VB"
"inform","6","12.63","VB"
"informed","8","12.41","VB"
"impact","6","9.41","NN"
"importance","10","7.65","NN"
"impossible","10","59.12","JJ"
"impress","7","10.20","VB"
"impressed","9","19.06","VB|JJ"
"impression","10","18.55","NN"
"impressive","10","16.96","JJ"
"improve","7","8.10","VB|NN"
"impulse","7","5.27","NN"
"incident","8","17.31","NN"
"include","7","11.14","VB"
"included","8","7.49","VB"
"includes","8","5.27","VB|NN"
"including","9","27.55","VB|NN"
"income","6","7.41","NN"
"incoming","8","6.18","JJ|VB|NN"
"increase","8","8.55","NN"
"hundred","7","78.73","minor|NN"
"hundreds","8","21.73","NN"
"hungry","6","77.08","JJ"
"hurricane","9","8.76","NN"
"husband","7","194.80","NN|VB"
"husbands","8","7.76","NN|VB"
"hysterical","10","7.10","JJ"
"identical","9","5.53","JJ|NN"
"identified","10","10.27","VB"
"identify","8","16.18","VB"
"identity","8","12.98","NN"
"idiot","5","66.22","JJ|NN"
"ignorant","8","6.25","JJ"
"ignore","6","18.65","VB"
"ignored","7","5.90","VB|JJ"
"illegal","7","23.51","JJ|NN"
"illness","7","7.27","NN"
"illusion","8","8.25","NN"
"images","6","7.86","NN|VB"
"imagine","7","81.04","VB"
"imagined","8","9.90","VB|JJ"
"immediate","9","11.20","JJ"
"immortal","8","5.10","JJ"
"holiday","7","21.29","NN|VB"
"holidays","8","9.14","NN|VB"
"Holland","7","6.69","NN"
"Hollywood","9","27.98","NN"
"homecoming","10","5.59","VB|NN"
"homeless","8","10.65","JJ|NN"
"homework","8","20.14","NN"
"homicide","8","15.33","NN"
"honestly","8","27.25","RB"
"honesty","7","7.22","NN"
"honeymoon","9","16.20","NN|VB"
"honorable","9","7.24","JJ|NN"
"honored","7","10.86","VB|JJ"
"hooray","6","5.75","NN"
"hopefully","9","11.71","RB"
"hopeless","8","8.94","JJ"
"Horace","6","6.75","NN"
"horrible","8","42.43","JJ"
"horror","6","9.18","NN"
"hospital","8","124.20","NN"
"hospitals","9","6.18","NN"
"hostage","7","14.57","NN"
"hostages","8","9.69","NN"
"hostile","7","8.94","JJ|NN"
"hottest","7","6.18","JJ"
"household","9","6.94","NN|JJ"
"Houston","7","10.51","NN"
"however","7","45.08","RB|minor"
"Hudson","6","9.43","NN"
"humanity","8","9.71","NN"
"humans","6","16.29","NN"
"humiliated","10","6.65","VB|JJ"
"humor","5","16.65","NN|VB"
"helicopter","10","15.80","NN"
"helmet","6","9.47","NN"
"helpful","7","12.14","JJ"
"helpless","8","11.14","JJ"
"Henry","5","76.55","NN"
"Hercules","8","25.20","NN"
"hereby","6","6.37","RB"
"herself","7","52.45","minor"
"hesitate","8","5.47","VB"
"hidden","6","21.27","VB|JJ"
"hideous","7","5.37","JJ"
"highest","7","12.67","JJ|RB"
"highly","6","21.20","RB|NN"
"highness","8","15.82","NN"
"highway","7","17.86","NN"
"hilarious","9","5.78","JJ"
"himself","7","140.55","minor"
"historical","10","5.27","JJ|NN"
"history","7","83.92","NN"
"handcuffs","9","5.16","NN"
"handful","7","5.71","NN"
"handling","8","11.35","NN|VB"
"handsome","8","33.02","JJ"
"happening","9","90.55","VB|NN|JJ"
"happens","7","137.18","VB"
"happier","7","12.49","JJ"
"happiest","8","6.43","JJ"
"happily","7","10.22","RB"
"happiness","9","24.49","NN"
"harbor","6","11.02","NN|VB"
"hardest","7","6.71","JJ"
"hardware","8","6.82","NN"
"harmless","8","8.65","JJ|NN"
"Harriet","7","7.22","NN"
"harmony","7","8.22","NN"
"Harvard","7","14.10","NN"
"Hawaii","6","11.96","NN"
"headache","8","14.10","NN"
"headaches","9","5.31","NN"
"healthy","7","24.75","JJ"
"heartbeat","9","5.57","NN"
"heavenly","8","5.53","JJ"
"heavens","7","13.27","NN|minor"
"heavily","7","6.12","RB"
"groceries","9","5.90","NN"
"grocery","7","5.49","NN"
"grounded","8","7.78","VB"
"grounds","7","10.45","NN|VB"
"growth","6","6.45","NN"
"guarantee","9","22.02","NN|VB"
"guaranteed","10","6.65","VB|JJ"
"guardian","8","7.02","NN"
"guards","6","24.25","NN|VB"
"guessed","7","7.43","VB"
"guessing","8","10.71","VB|NN"
"guidance","8","7.37","NN"
"guilty","6","62.29","JJ|NN"
"guitar","6","15.59","NN"
"gunfire","7","5.22","NN"
"gunshot","7","10.20","NN"
"gypsy","5","6.63","NN"
"habits","6","6.12","NN"
"haircut","7","8.41","NN"
"halfway","7","13.29","RB|JJ"
"hallelujah","10","9.33","minor"
"Halloween","9","13.04","NN"
"hallway","7","9.55","NN"
"hamburger","9","7.78","NN"
"Hamilton","8","7.35","NN"
"goodbye","7","116.51","minor"
"goodness","8","32.45","NN"
"goodnight","9","16.12","NN|minor"
"gorgeous","8","24.06","JJ"
"gorilla","7","5.55","NN"
"gossip","6","7.78","NN|VB"
"government","10","65.24","NN"
"governor","8","26.84","NN"
"gracious","8","7.16","JJ"
"graduate","8","12.22","NN|JJ"
"graduated","9","7.75","VB"
"graduation","10","9.80","NN"
"Graham","6","11.39","NN"
"grandma","7","45.59","NN"
"grandpa","7","32.57","NN"
"grandson","8","7.98","NN"
"grateful","8","26.57","JJ"
"gratitude","9","7.75","NN"
"graveyard","9","5.33","NN"
"gravity","7","6.88","NN"
"greatest","8","48.31","JJ|NN"
"greetings","9","6.76","NN"
"Gregory","7","5.41","NN"
"griffin","7","13.86","NN"
"general","7","115.39","JJ|NN"
"generally","9","8.31","RB"
"generation","10","12.14","NN"
"generator","9","5.69","NN"
"generous","8","16.71","JJ"
"genetic","7","7.55","JJ"
"genius","6","34.76","NN"
"gentleman","9","41.86","NN"
"gentlemen","9","154.39","NN"
"gently","6","9.00","RB"
"genuine","7","8.20","JJ"
"George","6","146.55","NN"
"Georgia","7","18.00","NN"
"Germans","7","12.47","NN"
"Germany","7","13.71","NN"
"gesture","7","7.43","NN"
"ghetto","6","5.53","NN"
"Gilbert","7","5.78","NN"
"gimme","5","19.25","encl"
"girlfriend","10","76.10","NN"
"gladly","6","5.04","RB"
"global","6","6.29","JJ"
"Gloria","6","12.88","NN"
"glorious","8","9.29","JJ"
"goddess","7","8.76","NN"
"godfather","9","5.45","NN"
"frozen","6","15.33","VB|JJ"
"frustrated","10","5.00","VB|JJ"
"fugitive","8","5.18","JJ|NN"
"function","8","11.08","NN|VB"
"funeral","7","33.20","NN"
"furious","7","6.00","JJ"
"furniture","9","15.08","NN"
"further","7","52.75","JJ|RB|VB"
"future","6","103.49","NN|JJ"
"fuzzy","5","5.82","JJ"
"Gabriel","7","5.71","NN"
"galaxy","6","6.65","NN"
"gallery","7","8.51","NN"
"gambling","8","16.59","NN|VB"
"gangster","8","5.33","NN"
"garbage","7","26.10","NN"
"garlic","6","6.00","NN|JJ"
"gasoline","8","6.53","NN"
"gathering","9","7.25","NN|VB"
"forgive","7","76.80","VB"
"forgiven","8","6.49","VB"
"forgot","6","98.92","VB"
"forgotten","9","34.73","VB|JJ"
"formula","7","7.86","NN"
"fortunate","9","8.22","JJ"
"fortune","7","29.76","NN"
"forward","7","72.33","RB|JJ|VB|NN"
"foundation","10","14.51","NN"
"fountain","8","6.90","NN"
"fourteen","8","6.53","minor|NN"
"fourth","6","26.45","JJ|NN"
"fracture","8","5.18","NN"
"fragile","7","5.14","JJ"
"Francis","7","17.18","NN"
"Francisco","9","25.27","NN"
"Franklin","8","10.80","NN"
"frankly","7","19.45","RB"
"freedom","7","33.10","NN"
"freeway","7","5.53","NN"
"freezer","7","5.16","NN"
"freezing","8","13.33","VB|NN"
"frequency","9","6.61","NN"
"freshman","8","7.35","NN"
"Friday","6","47.63","NN"
"friendly","8","26.04","JJ"
"friendship","10","22.82","NN"
"frighten","8","6.35","VB"
"frightened","10","23.25","VB|JJ"
"Florence","8","5.37","NN"
"Florida","7","18.39","NN"
"focused","7","7.90","VB"
"followed","8","34.10","VB"
"following","9","45.29","VB|NN"
"follows","7","7.27","VB|NN"
"foolish","7","17.51","JJ"
"footage","7","8.27","NN"
"football","8","37.53","NN"
"footsteps","9","6.31","NN"
"forbid","6","8.55","VB"
"forbidden","9","7.59","VB|JJ"
"forehead","8","7.84","NN"
"foreign","7","22.29","JJ"
"foreman","7","5.55","NN"
"forever","7","88.80","RB|NN"
"forgetting","10","12.29","VB"
"fiction","7","6.08","NN"
"fifteen","7","17.55","minor|NN"
"fighters","8","7.10","NN"
"fighting","8","70.80","VB|NN|JJ"
"figure","6","129.37","NN|VB"
"figured","7","76.33","VB"
"figures","7","18.61","NN|VB"
"figuring","8","6.24","VB"
"filthy","6","16.43","JJ"
"finally","7","117.43","RB"
"finance","7","5.35","NN|VB"
"financial","9","15.24","JJ"
"finished","8","83.71","VB"
"finishing","9","7.90","VB|NN"
"fireplace","9","5.08","NN"
"fireworks","9","5.63","NN|VB"
"flashlight","10","5.92","NN"
"flavor","6","5.00","NN|VB"
"failure","7","20.02","NN"
"faithful","8","9.12","JJ|NN"
"FALSE","5","21.14","JJ"
"familiar","8","34.51","JJ|NN"
"families","8","22.33","NN"
"famous","6","45.02","JJ"
"fantasies","9","5.00","NN"
"fantastic","9","39.78","JJ"
"fantasy","7","16.24","NN"
"farewell","8","9.45","NN"
"fashion","7","18.76","NN|VB"
"fastest","7","5.84","JJ|NN"
"favorite","8","59.45","JJ|NN"
"favors","6","7.45","VB|NN"
"feature","7","5.84","NN|VB"
"February","8","5.49","NN"
"federal","7","23.00","JJ|NN"
"feelings","8","57.61","NN"
"felicity","8","16.80","NN"
"Felix","5","8.29","NN"
"felony","6","5.59","NN"
"female","6","31.61","JJ|NN"
"festival","8","9.90","NN"
"exhibit","7","7.61","NN|VB"
"existed","7","7.96","VB"
"existence","9","11.69","NN"
"exists","6","11.27","VB"
"exotic","6","6.00","JJ"
"expect","6","103.90","VB"
"expected","8","33.25","VB"
"expecting","9","36.20","VB"
"expedition","10","5.67","NN"
"expense","7","7.45","NN"
"expenses","8","7.71","NN"
"expensive","9","27.94","JJ"
"experience","10","60.55","NN|VB"
"experiment","10","16.20","NN"
"experts","7","6.78","NN"
"explain","7","111.18","VB"
"explained","9","11.73","VB"
"explaining","10","6.90","VB"
"explains","8","9.04","VB"
"explode","7","9.78","VB|NN"
"explore","7","6.22","VB|NN"
"explosion","9","16.49","NN"
"explosive","9","5.31","JJ|NN"
"explosives","10","6.49","NN"
"expose","6","7.06","VB"
"exposed","7","10.55","VB"
"exposure","8","5.71","NN"
"express","7","17.92","VB|NN"
"expression","10","12.76","NN"
"extend","6","6.41","VB"
"extension","9","5.39","NN"
"extra","5","59.16","JJ|NN"
"extreme","7","10.94","JJ|NN"
"extremely","9","23.73","RB"
"fabulous","8","20.51","JJ"
"facial","6","5.75","JJ"
"facility","8","14.18","NN"
"factory","7","16.80","NN"
"error","5","9.27","NN|JJ"
"escape","6","44.27","VB|NN"
"escaped","7","19.43","VB"
"escort","6","14.69","NN"
"especially","10","67.22","RB"
"essay","5","6.14","NN|VB"
"essence","7","5.63","NN"
"establish","9","6.33","VB"
"eternal","7","10.73","JJ"
"eternity","8","7.98","NN"
"ethics","6","5.35","NN"
"Eugene","6","6.92","NN"
"Europe","6","26.82","NN"
"European","8","7.06","JJ|NN"
"evacuate","8","5.61","VB"
"evening","7","120.69","NN"
"events","6","16.86","NN"
"eventually","10","24.43","RB"
"everyday","8","10.88","JJ|NN"
"everywhere","10","51.78","RB|NN"
"evidence","8","85.00","NN"
"evidently","9","5.84","RB"
"evolution","9","5.33","NN"
"exam","4","13.41","NN"
"examine","7","9.88","VB|NN"
"examined","8","5.39","VB"
"example","7","29.94","NN"
"excellency","10","9.98","NN"
"excellent","9","52.71","JJ|NN"
"except","6","111.69","minor|VB"
"exception","9","8.02","NN"
"exchange","8","20.22","NN|VB"
"excited","7","48.61","VB|JJ"
"excitement","10","12.31","NN"
"exciting","8","34.82","JJ|VB"
"exclusive","9","7.80","JJ|NN"
"excuses","7","8.65","NN"
"execute","7","5.55","VB|NN"
"executed","8","7.47","VB"
"execution","9","9.75","NN"
"executive","9","10.61","JJ|NN"
"exercise","8","17.73","NN|VB"
"exhausted","9","12.84","VB|JJ"
"enemies","7","19.31","NN"
"enemy","5","48.51","NN"
"energy","6","32.90","NN"
"engage","6","6.16","VB"
"engaged","7","26.02","VB"
"engagement","10","13.06","NN"
"engine","6","31.88","NN"
"engineer","8","11.69","NN|VB"
"engines","7","10.65","NN"
"England","7","35.22","NN"
"English","7","74.06","JJ|NN"
"enjoy","5","82.78","VB|NN"
"enjoyed","7","18.16","VB"
"enjoying","8","17.02","VB"
"enormous","8","10.31","JJ"
"entitled","8","11.49","VB"
"enterprise","10","8.10","NN"
"entertain","9","6.14","VB"
"entirely","8","20.12","RB"
"entrance","8","15.69","NN"
"envelope","8","10.06","NN"
"episode","7","12.29","NN"
"equally","7","5.37","RB"
"equipment","9","25.45","NN"
"elbow","5","6.14","NN|VB"
"Eleanor","7","6.92","NN"
"electric","8","17.14","JJ"
"electrical","10","8.63","JJ"
"electronic","10","6.86","JJ"
"eleven","6","12.98","minor|NN"
"elegant","7","6.27","JJ"
"element","7","6.63","NN|JJ"
"elements","8","6.90","NN"
"elephant","8","11.37","NN"
"elevator","8","24.41","NN"
"eliminate","9","5.98","VB"
"Elizabeth","9","22.75","NN"
"elsewhere","9","6.18","RB"
"Elvis","5","10.53","NN"
"embarrass","9","8.82","VB"
"embassy","7","7.78","NN"
"embrace","7","7.57","VB|NN"
"emergency","9","54.43","NN"
"emperor","7","13.53","NN"
"emotion","7","8.29","NN"
"emotions","8","10.94","NN"
"emotional","9","21.20","JJ"
"empire","6","12.67","NN"
"employee","8","11.57","NN"
"employees","9","11.96","NN"
"employer","8","5.37","NN"
"employment","10","5.33","NN"
"empty","5","47.24","JJ|VB|NN"
"encourage","9","6.04","VB"
"encounter","9","5.57","VB|NN"
"endless","7","6.63","JJ"
"duties","6","7.88","NN"
"dynamite","8","10.10","NN"
"earlier","7","39.41","RB|JJ"
"earrings","8","6.14","NN"
"earthquake","10","6.37","NN"
"easily","6","22.57","RB"
"echo","4","6.86","NN|VB"
"economy","7","5.80","NN"
"Edgar","5","12.67","NN"
"editor","6","12.41","NN"
"educated","8","5.53","VB|JJ"
"education","9","19.53","NN"
"Edward","6","20.61","NN"
"effect","6","23.90","NN|VB"
"effective","9","10.51","JJ|NN"
"effects","7","12.73","NN|VB"
"efforts","7","7.35","NN"
"effort","6","19.35","NN"
"Egypt","5","5.29","NN"
"eighteen","8","6.08","minor|NN"
"Einstein","8","5.27","NN"
"Elaine","6","13.96","NN"
"Donald","6","17.12","NN"
"donkey","6","5.35","NN"
"doorbell","8","8.33","NN"
"Dorothy","7","17.55","NN"
"doubts","6","6.51","NN|VB"
"downstairs","10","38.92","NN|RB|JJ"
"downtown","8","21.92","NN|RB|JJ"
"dozens","6","5.49","NN"
"dragging","8","6.57","VB|NN"
"dragon","6","19.29","NN"
"dramatic","8","9.78","JJ"
"dreadful","8","8.00","JJ"
"dreaming","8","18.41","VB|NN"
"dressing","8","15.76","NN|VB"
"drinking","8","52.65","NN|VB"
"driveway","8","6.73","NN"
"drunken","7","6.18","JJ"
"dispatch","8","6.86","NN|VB"
"display","7","8.53","NN|VB"
"disrespect","10","5.24","NN"
"distance","8","25.61","NN|VB"
"distant","7","8.61","JJ"
"distracted","10","7.39","VB|JJ"
"distress","8","7.27","NN|VB"
"district","8","20.94","NN|JJ"
"disturb","7","11.10","VB"
"disturbed","9","9.86","VB|JJ"
"disturbing","10","9.08","JJ|VB"
"divorce","7","32.73","NN|VB"
"division","8","18.55","NN"
"divorced","8","16.10","VB"
"dizzy","5","8.43","JJ"
"doctors","7","36.37","NN|VB"
"document","8","10.10","NN"
"documents","9","9.37","NN"
"dollar","6","27.65","NN"
"dollars","7","78.39","NN"
"domestic","8","6.88","JJ|NN"
"diplomatic","10","5.02","JJ"
"direct","6","24.04","JJ|VB|NN|RB"
"directed","8","6.04","VB"
"direction","9","24.08","NN"
"directions","10","9.69","NN"
"directly","8","21.25","RB"
"director","8","35.96","NN"
"directors","9","5.78","NN"
"disagree","8","6.63","VB"
"disappear","9","20.96","VB"
"disappoint","10","8.45","VB"
"disaster","8","17.27","NN"
"discharge","9","6.41","VB"
"discipline","10","9.06","NN|VB"
"disco","5","5.76","NN|VB"
"discover","8","12.04","VB"
"discovered","10","28.76","VB"
"discovery","9","11.45","NN"
"discussion","10","12.14","NN"
"discuss","7","45.67","VB"
"discussed","9","10.55","VB"
"discussing","10","9.43","VB"
"disease","7","26.18","NN"
"disgrace","8","8.02","NN"
"disguise","8","7.80","NN|VB"
"disgusting","10","26.61","JJ|VB"
"dismiss","7","5.47","VB"
"dismissed","9","12.20","VB"
"designed","8","17.53","VB"
"designer","8","5.24","NN"
"disorder","8","7.14","NN"
"deserved","8","10.06","VB"
"deserves","8","15.84","VB"
"design","6","16.20","NN|VB"
"despair","7","5.86","NN|VB"
"desperate","9","25.69","JJ"
"despite","7","13.00","minor"
"dessert","7","14.02","NN"
"destiny","7","23.04","NN"
"destroy","7","47.18","VB"
"destroyed","9","30.84","VB"
"destroying","10","7.80","VB|NN|JJ"
"details","7","29.04","NN|VB"
"detective","9","61.12","NN"
"detectives","10","6.69","NN"
"detention","9","6.53","NN"
"determine","9","8.39","VB"
"determined","10","13.16","VB|JJ"
"Detroit","7","10.55","NN"
"develop","7","9.61","VB"
"developed","9","12.65","VB|JJ"
"developing","10","5.61","VB|NN"
"diamond","7","20.65","NN"
"diamonds","8","17.04","NN"
"diapers","7","5.29","NN"
"difference","10","79.73","NN"
"difficult","9","60.16","JJ|NN"
"difficulty","10","5.59","NN"
"digital","7","5.39","NN|JJ"
"dignity","7","10.80","NN"
"degree","6","14.88","NN"
"degrees","7","18.00","NN"
"delayed","7","5.37","VB|JJ"
"delivery","8","19.94","NN"
"delicate","8","9.51","JJ"
"delicious","9","21.53","JJ"
"delight","7","5.65","NN|VB"
"delighted","9","12.94","VB"
"delightful","10","9.20","JJ"
"deliver","7","28.35","VB"
"delivered","9","16.14","VB"
"demand","6","17.12","NN|VB"
"demands","7","9.71","NN|VB"
"democracy","9","6.61","NN"
"Dennis","6","16.75","NN"
"dentist","7","11.20","NN"
"department","10","63.84","NN"
"departure","9","5.39","NN"
"depending","9","6.00","VB|NN"
"depends","7","28.57","VB|NN"
"deposit","7","10.80","NN|VB"
"depressed","9","16.27","JJ|VB"
"depressing","10","6.35","JJ|VB"
"depression","10","7.96","NN"
"deputy","6","15.65","NN"
"describe","8","16.98","VB"
"described","9","9.06","VB"
"deserve","7","43.73","VB"
"daughter","8","171.35","NN"
"daughters","9","9.98","NN"
"daylight","8","9.57","NN"
"deadline","8","5.86","NN"
"dealers","7","5.29","NN"
"dearest","7","7.10","JJ"
"deceased","8","6.29","JJ|VB"
"December","8","7.59","NN"
"decision","8","55.06","NN"
"decisions","9","15.31","NN"
"declare","7","7.57","VB|NN"
"declared","8","6.53","VB|JJ"
"dedicated","9","8.16","VB|JJ"
"deeply","6","14.43","RB"
"defeated","8","5.57","VB|JJ"
"defence","7","8.02","NN"
"defendant","9","17.73","NN"
"defending","9","7.82","VB"
"defense","7","32.65","NN"
"defensive","9","5.45","JJ|NN"
"definite","8","6.16","JJ"
"definitely","10","75.45","RB|NN"
"definition","10","5.80","NN"
"crystal","7","16.14","NN"
"culture","7","13.94","NN"
"curiosity","9","8.53","NN"
"curious","7","26.22","JJ"
"current","7","17.04","JJ|NN"
"currently","9","6.88","RB"
"curtain","7","10.29","NN|VB"
"curtains","8","6.29","NN|VB"
"custody","7","19.25","NN|JJ"
"custom","6","6.20","NN|JJ"
"customer","8","15.20","NN"
"customers","9","19.06","NN"
"customs","7","6.39","NN"
"cycle","5","5.88","NN|VB"
"Cynthia","7","7.84","NN"
"Dallas","6","13.94","NN"
"damage","6","33.06","NN|VB"
"damaged","7","9.08","VB|JJ"
"dancing","7","54.39","NN|VB"
"dangerous","9","74.84","JJ"
"Daniel","6","21.88","NN"
"Daphne","6","17.49","NN"
"darkness","8","17.49","NN"
"courtesy","8","8.12","NN"
"courtroom","9","8.37","NN"
"cousin","6","48.84","NN"
"cousins","7","7.39","NN"
"covenant","8","6.69","NN|JJ"
"coverage","8","6.24","NN"
"cowboy","6","18.98","NN"
"crackers","8","5.67","NN"
"crawling","8","9.06","VB"
"creation","8","6.08","NN"
"creative","8","10.75","JJ"
"creature","8","21.41","NN"
"creatures","9","12.55","NN"
"credit","6","45.82","NN|VB"
"criminal","8","34.47","JJ|NN"
"criminals","9","12.00","NN"
"crisis","6","16.65","NN"
"critical","8","12.25","JJ"
"convince","8","18.73","VB"
"convinced","9","20.80","VB|JJ"
"convict","7","6.35","VB"
"convicted","9","8.24","VB"
"conviction","10","5.94","NN"
"convincing","10","6.92","JJ|VB"
"cookies","7","17.90","NN"
"cooperate","9","10.35","VB"
"coroner","7","8.98","NN"
"corporal","8","15.73","NN"
"corporate","9","10.22","JJ"
"correct","7","44.94","JJ|VB|NN"
"correctly","9","6.06","RB|NN"
"corridor","8","5.57","NN"
"corrupt","7","5.31","JJ|VB"
"costume","7","14.14","NN"
"costumes","8","5.96","NN"
"cottage","7","5.29","NN"
"cotton","6","14.18","NN|VB"
"council","7","16.92","NN"
"counsel","7","14.24","NN|VB"
"counselor","9","9.92","NN"
"countess","8","6.16","NN"
"countries","9","10.53","NN"
"country","7","161.84","NN"
"couples","7","8.02","NN|VB"
"courage","7","23.67","NN"
"connected","9","17.27","VB"
"connection","10","27.18","NN"
"Connie","6","15.80","NN"
"conscience","10","13.90","NN"
"conscious","9","6.80","JJ|NN"
"contain","7","6.08","VB"
"consider","8","52.47","VB"
"considered","10","23.18","VB|JJ"
"consistent","10","5.75","JJ"
"conspiracy","10","10.31","NN"
"constant","8","9.92","JJ|NN"
"constantly","10","8.82","RB"
"consult","7","5.59","VB"
"contact","7","64.80","NN|VB"
"contacted","9","7.43","VB"
"contacts","8","7.90","NN|VB"
"contains","8","5.10","VB|NN"
"contempt","8","5.02","NN"
"continue","8","49.55","VB"
"continued","9","7.25","VB|JJ"
"continues","9","21.35","VB|NN"
"contract","8","32.35","NN"
"contracts","9","5.80","NN"
"contrary","8","8.90","JJ|NN"
"control","7","130.63","NN|VB"
"controlled","10","6.98","VB|JJ"
"controls","8","7.80","NN|VB"
"complaints","10","6.84","NN"
"convenient","10","8.55","JJ"
"convention","10","12.33","NN"
"complaint","9","10.16","NN"
"complete","8","51.69","JJ|VB"
"completed","9","7.67","VB"
"completely","10","84.37","RB|JJ"
"complex","7","13.12","JJ"
"compliment","10","10.25","NN"
"compound","8","7.08","NN|JJ"
"comrade","7","8.55","NN"
"compromise","10","7.02","NN|VB"
"computer","8","59.04","NN"
"computers","9","10.80","NN"
"concerned","9","44.33","VB"
"concerns","8","10.22","NN|VB"
"conduct","7","11.10","VB"
"conclusion","10","9.12","NN"
"concrete","8","7.43","JJ|NN|VB"
"condition","9","37.96","NN|VB"
"conditions","10","12.69","NN|VB"
"condom","6","5.16","NN"
"conference","10","25.41","NN"
"confess","7","15.84","VB"
"confessed","9","5.96","VB"
"confession","10","16.49","NN"
"confidence","10","19.47","NN"
"confident","9","10.65","JJ"
"confirm","7","14.43","VB"
"confirmed","9","13.51","VB"
"conflict","8","8.71","NN"
"confused","8","32.41","VB|JJ"
"confusing","9","9.84","JJ|VB"
"confusion","9","7.12","NN"
"congress","8","8.22","NN"
"collapse","8","5.55","NN|VB"
"collapsed","9","5.67","VB"
"colleague","9","6.78","NN"
"colleagues","10","6.51","NN"
"collect","7","20.00","VB|JJ"
"collected","9","5.75","VB"
"collecting","10","6.84","VB|NN"
"collection","10","18.16","NN"
"college","7","85.18","NN|VB"
"colonel","7","96.25","NN"
"colony","6","5.92","NN"
"Colorado","8","6.31","NN"
"colored","7","7.39","JJ|VB"
"column","6","10.96","NN"
"combat","6","13.84","NN"
"comedy","6","11.80","NN"
"comfort","7","17.22","NN|VB"
"command","7","43.63","NN|VB"
"commander","9","37.00","NN"
"commanding","10","6.90","VB|NN"
"comment","7","12.82","NN|VB"
"commercial","10","16.25","JJ|NN"
"commission","10","13.78","NN|VB"
"commit","6","19.29","VB|NN"
"commitment","10","10.78","NN"
"committed","9","24.02","VB"
"committee","9","22.02","NN"
"communist","9","7.57","NN|JJ"
"community","9","29.14","NN"
"companies","9","11.39","NN"
"companion","9","6.33","NN"
"company","7","147.20","NN"
"compare","7","8.35","VB"
"compared","8","10.53","VB"
"compassion","10","6.25","NN"
"complain","8","12.55","VB|NN"
"classic","7","16.16","JJ|NN"
"classified","10","6.76","VB|JJ"
"clearly","7","29.98","RB"
"clearance","9","6.86","NN"
"Cleveland","9","9.90","NN"
"clients","7","21.00","NN"
"climbed","7","5.00","VB"
"climbing","8","7.88","VB|NN"
"clinic","6","14.00","NN"
"closely","7","9.18","RB"
"closest","7","8.96","JJ"
"clothes","7","101.14","NN"
"clothing","8","10.84","NN|VB"
"clumsy","6","5.39","JJ"
"cocaine","7","8.25","NN"
"cocktail","8","10.88","NN"
"cocoa","5","5.02","NN"
"coffee","6","144.53","NN"
"coffin","6","9.04","NN"
"chicken","7","61.73","NN|VB"
"chickens","8","10.20","NN|VB"
"childhood","9","14.18","NN"
"children","8","175.10","NN"
"Chinatown","9","5.18","NN"
"Chinese","7","44.43","NN|JJ"
"chocolate","9","29.39","NN"
"choices","7","12.47","NN"
"choosing","8","5.41","VB|NN"
"Christ","6","90.14","NN"
"Christian","9","15.90","NN|JJ"
"Christine","9","7.20","NN"
"Christmas","9","122.43","NN"
"chuckles","8","13.04","NN|VB"
"church","6","69.67","NN"
"cigar","5","12.94","NN"
"cigarette","9","26.61","NN"
"cigarettes","10","17.75","NN"
"cigars","6","6.67","NN"
"Cinderella","10","5.98","NN"
"circle","6","21.51","NN|VB"
"circles","7","8.00","NN|VB"
"circuit","7","6.67","NN"
"circus","6","17.06","NN"
"citizen","7","13.33","NN"
"citizens","8","11.96","NN"
"civil","5","15.94","JJ|NN"
"civilian","8","9.39","JJ|NN"
"civilians","9","6.00","NN"
"civilized","9","6.18","JJ"
"claimed","7","7.29","VB"
"Clarence","8","8.59","NN"
"celebrate","9","24.86","VB"
"celebrity","9","7.29","NN"
"cellar","6","9.37","NN"
"cemetery","8","8.69","NN"
"central","7","24.75","JJ|NN"
"centuries","9","7.49","NN"
"century","7","20.84","NN"
"cereal","6","6.35","NN"
"ceremony","8","15.82","NN"
"certain","7","85.37","JJ|RB|NN"
"certainly","9","118.96","RB"
"chairman","8","11.86","NN"
"challenge","9","19.86","NN|VB"
"chamber","7","12.75","NN"
"chambers","8","5.80","NN"
"champagne","9","31.29","NN"
"champion","8","20.92","NN|VB"
"channel","7","24.41","NN|VB"
"channels","8","5.49","NN|VB"
"character","9","38.16","NN"
"characters","10","9.53","NN"
"charity","7","16.49","NN"
"Charlie","7","111.14","NN"
"Charlotte","9","22.12","NN"
"chauffeur","9","5.63","NN|VB"
"checking","8","32.47","VB|NN"
"cheering","8","13.53","VB"
"cheese","6","39.04","NN"
"chemical","8","11.35","NN|JJ"
"chemicals","9","5.71","NN"
"chemistry","9","8.67","NN"
"chewing","7","5.51","VB|NN"
"Chicago","7","41.22","NN"
"canyon","6","8.20","NN"
"capable","7","20.82","JJ"
"capacity","8","8.10","NN"
"capital","7","12.71","NN"
"capture","7","10.59","NN|VB"
"captured","8","12.12","VB"
"careful","7","108.82","JJ"
"carefully","9","23.57","RB"
"carnival","8","7.12","NN"
"Caroline","8","10.33","NN"
"carpenter","9","6.00","NN"
"carriage","8","7.47","NN"
"carrying","8","28.45","VB|NN"
"casino","6","20.37","NN"
"casual","6","7.31","JJ"
"casualties","10","7.31","NN"
"Catherine","9","18.67","NN"
"Catholic","8","12.47","NN|JJ"
"caught","6","93.94","VB"
"caution","7","5.16","NN|VB"
"cavalry","7","6.22","NN|JJ"
"butcher","7","8.51","NN|VB"
"butterfly","9","5.51","NN|RB|JJ"
"buttons","7","8.71","NN|VB"
"cabinet","7","8.33","NN"
"Cadillac","8","5.73","NN"
"Caesar","6","10.22","NN"
"cafeteria","9","5.67","NN"
"calendar","8","7.12","NN|JJ"
"California","10","38.67","NN"
"Calvin","6","9.29","NN"
"camera","6","57.00","NN"
"cameras","7","17.94","NN"
"campaign","8","16.78","NN|VB"
"Canada","6","10.78","NN"
"cancelled","9","6.51","VB"
"candidate","9","8.51","NN"
"cannot","6","126.76","VB"
"briefcase","9","8.59","NN"
"brilliant","9","35.80","JJ"
"British","7","25.16","JJ|NN"
"broadcast","9","8.96","NN|VB|JJ"
"Broadway","8","12.37","NN"
"Brooklyn","8","13.69","NN"
"brothers","8","47.06","NN"
"brutal","6","7.35","JJ"
"bubbles","7","5.98","NN|VB"
"Buchanan","8","5.96","NN"
"Buddha","6","5.16","NN"
"buddies","7","12.14","NN"
"buffalo","7","11.90","NN"
"building","8","99.57","NN|VB"
"buildings","9","9.98","NN"
"bullock","7","6.39","NN"
"burden","6","9.82","NN|VB"
"bureau","6","11.14","NN"
"burglar","7","5.53","NN"
"boogie","6","5.20","NN|VB"
"borrowed","8","10.18","VB"
"Boston","6","24.02","NN"
"bothered","8","10.41","VB|JJ"
"bothering","9","17.98","VB"
"bottles","7","13.37","NN|VB"
"bottom","6","49.92","NN|VB|JJ"
"boulevard","9","5.18","NN"
"bourbon","7","6.25","NN"
"boyfriend","9","72.24","NN"
"bracelet","8","7.80","NN"
"Brandon","7","9.29","NN"
"Brazil","6","5.25","NN"
"breakdown","9","7.31","NN"
"breakfast","9","66.29","NN|VB"
"breathing","9","27.78","NN|VB"
"breeze","6","8.04","NN|VB"
"Brett","5","5.71","NN"
"blackmail","9","7.73","NN|VB"
"blanket","7","12.98","NN"
"blankets","8","5.10","NN"
"blessed","7","13.80","JJ"
"blessing","8","9.71","NN|VB"
"bluffing","8","5.04","VB|NN"
"boarding","8","11.06","VB|NN"
"bodyguard","9","5.73","NN"
"behave","6","16.24","VB"
"behavior","8","22.39","NN"
"behind","6","187.86","minor|NN"
"behold","6","5.94","VB"
"belief","6","7.61","NN"
"believed","8","35.06","VB"
"believes","8","17.35","VB|NN"
"believing","9","10.43","VB"
"belong","6","44.37","VB|JJ"
"belonged","8","10.00","VB"
"belongs","7","27.90","VB"
"beloved","7","12.76","JJ|NN"
"beneath","7","11.63","minor"
"benefit","7","14.35","NN|VB"
"benefits","8","7.43","NN|VB"
"Benjamin","8","9.55","NN"
"Berlin","6","13.43","NN"
"Bernard","7","12.98","NN"
"besides","7","84.86","minor"
"betray","6","9.14","VB"
"betrayed","8","11.57","VB|JJ"
"between","7","175.14","minor|NN"
"beware","6","5.73","VB"
"beyond","6","43.14","minor|NN"
"bicycle","7","6.61","NN"
"biggest","7","40.88","JJ|NN"
"billion","7","11.14","minor|NN"
"biological","10","5.88","JJ"
"birthday","8","97.22","NN"
"bishop","6","16.76","NN"
"bizarre","7","7.29","JJ"
"banquet","7","5.16","NN"
"Barbara","7","22.63","NN"
"barbecue","8","8.94","NN|VB"
"bargain","7","12.00","NN|VB"
"bartender","9","9.76","NN"
"baseball","8","25.25","NN"
"basement","8","21.06","NN"
"basically","9","26.02","RB"
"basketball","10","21.39","NN"
"bastard","7","65.65","NN"
"bastards","8","18.49","NN"
"bathroom","8","61.67","NN"
"bathtub","7","6.10","NN"
"battalion","9","5.84","NN"
"batteries","9","7.94","NN"
"beauty","6","48.24","NN"
"became","6","47.75","VB"
"become","6","115.57","VB"
"becomes","7","24.14","VB"
"becoming","8","22.88","VB|NN|JJ"
"bedroom","7","36.71","NN"
"bedtime","7","6.20","NN"
"beginning","9","63.12","VB|NN"
"begun","5","10.55","VB"
"behalf","6","12.16","NN"
"Austin","6","10.29","NN"
"Australia","9","8.43","NN"
"author","6","7.94","NN|VB"
"authority","9","21.22","NN"
"authorized","10","6.25","VB"
"autograph","9","8.16","NN"
"automatic","9","6.98","JJ|NN"
"automobile","10","5.71","NN"
"autopsy","7","9.59","NN"
"available","9","25.94","JJ"
"avenue","6","16.88","NN"
"average","7","16.65","JJ|NN|VB"
"avoid","5","24.29","VB"
"avoiding","8","6.82","VB"
"awesome","7","31.37","JJ"
"awful","5","63.41","JJ"
"awfully","7","20.29","RB"
"awhile","6","9.47","RB"
"awkward","7","14.31","JJ"
"bachelor","8","9.88","NN"
"background","10","17.63","NN"
"backstage","9","5.12","RB"
"backup","6","16.90","NN|JJ"
"backwards","9","13.08","RB|JJ"
"backyard","8","7.24","NN"
"baggage","7","6.24","NN"
"balance","7","14.98","NN|VB"
"balcony","7","7.31","NN"
"balloon","7","8.67","NN|VB"
"Baltimore","9","7.10","NN"
"banana","6","10.73","NN"
"bananas","7","5.45","NN"
"Arthur","6","33.08","NN"
"article","7","19.57","NN"
"articles","8","6.04","NN"
"artillery","9","5.49","NN"
"artist","6","28.63","NN"
"artists","7","8.08","NN"
"ashamed","7","27.37","JJ"
"asleep","6","49.82","RB|JJ"
"aspirin","7","7.75","NN"
"assassin","8","5.92","NN"
"assault","7","17.57","NN|VB"
"asshole","7","61.61","NN"
"assigned","8","12.12","VB"
"assignment","10","17.88","NN"
"assist","6","7.84","VB"
"assistance","10","10.94","NN"
"assistant","9","32.22","NN"
"associate","9","8.98","VB"
"assume","6","33.47","VB"
"assumed","7","11.35","VB"
"assuming","8","11.10","VB"
"assured","7","6.20","VB"
"Atlanta","7","6.55","NN"
"Atlantic","8","9.88","NN|JJ"
"Atlantis","8","5.27","NN"
"atmosphere","10","9.67","NN"
"attached","8","12.22","VB"
"attack","6","75.55","NN|VB"
"attacked","8","23.90","VB"
"attacking","9","8.00","VB"
"attacks","7","11.33","NN|VB"
"attempt","7","19.12","NN|VB"
"attempted","9","7.69","VB"
"attending","9","7.14","VB"
"attention","9","98.67","NN"
"Attic","5","7.84","NN"
"attitude","8","26.08","NN"
"attorney","8","40.39","NN"
"attract","7","5.69","VB"
"attracted","9","11.86","VB"
"attraction","10","6.82","NN"
"attractive","10","24.63","JJ"
"auction","7","8.90","NN|VB"
"audience","8","25.37","NN"
"audio","5","5.57","JJ|NN"
"audition","8","13.82","NN"
"August","6","10.20","NN"
"auntie","6","7.86","NN"
"Apollo","6","7.06","NN"
"apologies","9","8.80","NN"
"apologize","9","49.37","VB"
"apology","7","15.76","NN"
"apparently","10","47.35","RB"
"appeal","6","13.00","NN|VB"
"appear","6","23.37","VB"
"appearance","10","11.59","NN"
"appeared","8","9.78","VB"
"appears","7","21.06","VB|NN"
"appetite","8","8.94","NN"
"applause","8","11.29","NN"
"apples","6","8.29","NN"
"applied","7","6.16","VB|JJ"
"appointed","9","5.29","VB"
"appreciate","10","85.75","VB"
"approval","8","8.39","NN"
"approach","8","20.98","NN|VB"
"approve","7","11.37","VB"
"approved","8","6.49","VB|JJ"
"April","5","20.65","NN"
"architect","9","6.55","NN"
"arguing","7","10.67","VB|NN"
"argument","8","17.00","NN"
"Arizona","7","11.06","NN"
"Armstrong","9","5.18","NN"
"Arnold","6","8.45","NN"
"arrange","7","15.51","VB"
"arranged","8","16.16","VB"
"arrested","8","34.92","VB"
"arrival","7","8.27","NN"
"arrive","6","18.69","VB"
"arrived","7","38.22","VB"
"arrives","7","9.20","VB"
"arriving","8","7.73","VB"
"arrogant","8","5.22","JJ"
"America","7","77.92","NN"
"American","8","102.22","JJ|NN"
"artery","6","5.31","NN"
"Americans","9","25.35","NN"
"amigo","5","5.08","NN|minor"
"ammo","4","5.37","NN"
"ammunition","10","5.88","NN"
"amongst","7","7.14","minor"
"amount","6","24.75","NN|VB"
"amusing","7","9.20","JJ|VB"
"analysis","8","11.04","NN"
"ancestors","9","5.47","NN"
"anchor","6","7.41","NN|VB"
"ancient","7","21.67","JJ|NN"
"Andrew","6","21.27","NN"
"angels","6","14.59","NN"
"angry","5","58.98","JJ"
"animal","6","45.49","NN"
"animals","7","39.08","NN"
"announce","8","9.76","VB|NN"
"announced","9","5.67","VB|JJ"
"announcer","9","11.25","NN"
"annoying","8","11.12","JJ|VB|NN"
"annual","6","7.20","JJ|NN"
"anonymous","9","8.41","JJ|NN"
"answer","6","176.20","NN|VB"
"answered","8","15.20","VB"
"answering","9","14.02","VB|NN"
"answers","7","29.94","NN|VB"
"Anthony","7","15.39","NN"
"antique","7","6.06","JJ|NN"
"Antonio","7","6.25","NN"
"anxiety","7","6.76","NN"
"anxious","7","14.10","JJ"
"anyhow","6","15.16","RB"
"anymore","7","188.18","RB"
"anyplace","8","5.43","RB"
"anyways","7","8.71","minor|RB|NN"
"anywhere","8","88.25","RB|NN"
"apartment","9","83.04","NN"
"agreed","6","35.92","VB|JJ"
"agreement","9","17.49","NN"
"aircraft","8","9.45","NN"
"airline","7","6.49","NN"
"airplane","8","10.92","NN"
"airport","7","38.04","NN"
"Albert","6","18.61","NN"
"album","5","10.24","NN"
"alcohol","7","16.57","NN"
"alcoholic","9","6.20","JJ|NN"
"Alexander","9","9.51","NN"
"Alfred","6","7.29","NN"
"alibi","5","8.35","NN"
"allergic","8","8.10","JJ"
"alliance","8","9.12","NN"
"allowance","9","5.20","NN"
"Almighty","8","8.75","NN|JJ"
"almost","6","193.27","RB"
"alpha","5","8.12","NN|JJ|minor"
"alright","7","79.29","RB"
"although","8","42.02","minor|NN"
"altogether","10","6.41","RB"
"amateur","7","6.55","NN|JJ"
"amazed","6","5.12","VB"
"amazing","7","81.71","JJ|VB"
"ambassador","10","13.51","NN"
"ambition","8","5.35","NN"
"ambulance","9","22.41","NN"
"ambush","6","5.43","NN|VB"
"addict","6","5.35","NN"
"addition","8","7.75","NN"
"additional","10","5.88","JJ"
"address","7","52.27","NN"
"adjust","6","5.63","VB"
"admiral","7","16.57","NN"
"admit","5","59.20","VB"
"admitted","8","9.16","VB|JJ"
"adopted","7","8.43","VB"
"adorable","8","10.53","JJ"
"adults","6","9.57","NN"
"advance","7","15.98","NN|VB"
"advanced","8","8.84","VB|JJ"
"advantage","9","22.06","NN|VB"
"adventure","9","13.43","NN"
"advice","6","47.98","NN"
"advise","6","12.20","VB"
"advised","7","5.24","VB"
"affair","6","29.45","NN"
"affairs","7","14.65","NN"
"affect","6","11.14","VB"
"affected","8","6.76","VB"
"affection","9","8.45","NN"
"afford","6","44.43","VB"
"Africa","6","18.76","NN"
"African","7","6.76","JJ|NN"
"afternoon","9","91.49","NN"
"afterwards","10","14.00","RB"
"agency","6","19.43","NN"
"agenda","6","7.31","NN"
"aggressive","10","7.94","JJ"

